{
    "info": "Epoch 83",
    "training_loss": 0.09005191217988706,
    "training_correct": 34.27762039660057,
    "testing_loss": 0.09611748406006239,
    "testing_correct": 40.44943820224719,
    "layer1": [
        [
            0.23064418731812283,
            0.23010372981665447,
            0.0012025299823670112,
            0.16642103060629512,
            0.2306475334105562,
            0.0007449795645347227,
            0.2089145865627095,
            0.0009704953104592892,
            0.0012250160784645606,
            0.0658105992163171
        ],
        [
            0.0005526663009141905,
            0.06088585914919169,
            0.0010635537243752294,
            0.21374860907929613,
            0.2304348057928994,
            0.000566810844496044,
            0.22110806772663238,
            0.18739390495531097,
            0.03503943196427866,
            0.23070577824072586
        ],
        [
            0.0010368357435502707,
            0.00040721133032283813,
            0.0015939735098949052,
            0.0019023921077840095,
            0.1803495438322075,
            0.0009632221473401389,
            0.22925147213279026,
            0.008419496409902957,
            0.0677206028459154,
            0.001323743074405005
        ],
        [
            0.18696967277436896,
            0.05104706793570477,
            0.001448558789112924,
            0.2148490709231105,
            0.0725419327261217,
            0.0008420944857339171,
            0.025433817624631268,
            0.11583058930973303,
            0.0014450875942559633,
            0.0010873546948657502
        ],
        [
            0.00896210132453256,
            0.21144163904267482,
            0.04984540224564294,
            0.06464181083313265,
            0.06693928277213003,
            0.0010785329155943602,
            0.00012630758037232557,
            0.0014789290851879044,
            0.17356907487596002,
            0.23132104400802606
        ],
        [
            0.0005858155309787648,
            0.00012738278699653838,
            0.1057102856174126,
            0.2315029254733417,
            0.10373555918294618,
            0.23051800522134325,
            0.0984876697974756,
            0.22314851982411385,
            0.001158498444229175,
            0.23075162815568
        ],
        [
            0.050649436887193006,
            7.505580476896542e-05,
            0.17324725400852695,
            0.2308279762911857,
            0.1341471057886023,
            0.0003487874197036182,
            0.11707033008355316,
            0.23054450978300856,
            0.23071045249019334,
            0.0004886307036291649
        ],
        [
            0.004825313051100121,
            0.22985064851215314,
            0.13178957540294953,
            0.23127437340159135,
            0.2303748696880111,
            0.0005863345799923954,
            0.03377898575906241,
            0.10311800758721658,
            0.1595197587166303,
            0.0017104073414673355
        ],
        [
            0.2003750849636593,
            0.16423837819883863,
            0.001930021217619679,
            0.0022934814559831935,
            0.004831155272800001,
            0.23105165955971108,
            0.016165976292453706,
            0.13019412523246304,
            0.07837519209523927,
            0.0464672525624799
        ],
        [
            0.0009464110321708941,
            0.00021392627921457575,
            0.0017396665483946391,
            0.18792173261509018,
            0.0008996021771895643,
            0.0009812606630820633,
            0.05867080426214262,
            0.1655148056939154,
            0.11388625849329885,
            0.10520622594769675
        ]
    ],
    "layer2": [
        [
            0.0005924907739946302,
            0.23075457813656525,
            0.23004721621785204,
            0.15177391355463093,
            0.23065985579244896,
            0.058299839377386954,
            0.015407162042613196,
            0.23094009223521392,
            0.156885561813821,
            0.23066431256315958
        ],
        [
            0.23066415668755633,
            0.12966447870364858,
            0.0002469889603528673,
            0.011310567926302915,
            0.1144228547497748,
            0.22311107920274806,
            0.14702485709339133,
            0.09052177823844147,
            0.0006669114786428036,
            0.026287874774648952
        ],
        [
            0.2304976007057354,
            0.20016926617513006,
            0.23004665190754162,
            0.09473180561903442,
            0.0006654813115395214,
            0.14915613715599457,
            0.20337376565272205,
            0.23094041451972147,
            0.004968795684228897,
            0.23066789281694436
        ],
        [
            0.1956077319627473,
            0.0012911885361172706,
            0.0003889411600175832,
            0.001005175709011731,
            0.23125762604917008,
            0.0015473540951164149,
            0.08062929685871738,
            0.001407157062989967,
            0.1424373902412064,
            0.14971203134691588
        ],
        [
            0.23050538807732301,
            0.07074476547142353,
            0.0509055622788928,
            0.23053736693184032,
            0.06037584852848349,
            0.1707541361423792,
            0.0008718916419615772,
            0.08251977517587154,
            0.23053728767202578,
            0.0005760586249301887
        ],
        [
            0.0006295351616919826,
            0.028894445111719694,
            0.0002448374418737647,
            0.0006603319679655352,
            0.0007164711361536626,
            0.06631095209348124,
            0.2312276543658217,
            0.0009187931194827256,
            0.08500066572543241,
            0.1467953987435669
        ],
        [
            0.013932511586537768,
            0.2314967347537388,
            0.19250917629675843,
            0.22589264713554663,
            0.2313270644667464,
            0.001914026794409996,
            0.07145633085980913,
            0.23185566157300008,
            0.21974119430591552,
            0.19102402511706604
        ],
        [
            0.11032693294585529,
            0.0015622382473889002,
            0.12349648729689948,
            0.2313121534562553,
            0.23147531616375794,
            0.15773637117677747,
            0.0019598755334318606,
            0.0016967342490200883,
            0.16504903649884575,
            0.15002312860172684
        ],
        [
            0.04699889675575165,
            0.0005285541740449575,
            0.23006034167465075,
            0.00041805273548235257,
            0.0004515236089866009,
            0.11860234717161021,
            0.003253352716176206,
            0.0005842031440241834,
            0.13544564541120815,
            0.14956640580417743
        ],
        [
            0.03707716596924935,
            0.051221635951999765,
            0.0004430740481335366,
            0.001183685251300397,
            0.08828565510065899,
            0.2321112586610623,
            0.0019164835102408934,
            0.09047196034325575,
            0.231323637740954,
            0.001269014204789067
        ]
    ],