{
    "info": "Epoch 134",
    "training_loss": 0.09225595559633913,
    "training_correct": 36.26062322946176,
    "testing_loss": 0.09690244437199351,
    "testing_correct": 44.9438202247191,
    "layer1": [
        [
            0.06039384464456602,
            0.042394003447439314,
            0.06252780061164245,
            0.07452969309850194,
            0.049917128129973835,
            0.01478549304843675,
            0.018265525623711795,
            0.038541687234221245,
            0.10327249367564859,
            0.06563490291881856
        ],
        [
            0.04204772916320984,
            0.04889257336512631,
            0.07172396727573899,
            0.08717686183524374,
            0.05186503109049188,
            0.015963361974571547,
            0.016893857300473353,
            0.05411432766054121,
            0.12265728747534055,
            0.09009292851562531
        ],
        [
            0.040045871935426934,
            0.044272218449515725,
            0.06943825127300247,
            0.061945831669859036,
            0.047840069783942896,
            0.015738264451324795,
            0.02118883127124593,
            0.041115688459404935,
            0.12134314854323568,
            0.06334792025379046
        ],
        [
            0.05456685996838632,
            0.04152424865748094,
            0.06155396121326161,
            0.07839814218415095,
            0.03335857571460389,
            0.01436740513395864,
            0.0086836342187524,
            0.04317449174027081,
            0.1009504316360007,
            0.056763557341879475
        ],
        [
            0.04288608091572345,
            0.051849040939022,
            0.08205616217874644,
            0.07550523040330341,
            0.036477664901377056,
            0.01600644193159598,
            0.010895957688361805,
            0.04643079663320293,
            0.1496765092402918,
            0.09413728691428522
        ],
        [
            0.041714010318303046,
            0.049682651809932026,
            0.08261191555822844,
            0.08981958874205585,
            0.038656226201923355,
            0.03709735536067272,
            0.010516614670276763,
            0.058112913551782004,
            0.11906734381907923,
            0.08979800026179326
        ],
        [
            0.043819017197941464,
            0.0487728959356896,
            0.08428452038938461,
            0.08410451732906156,
            0.03885667957169922,
            0.015339888763358645,
            0.010248428550131508,
            0.05836112052553524,
            0.13832908540555947,
            0.0602763589738783
        ],
        [
            0.04165769315537544,
            0.04984351414603369,
            0.08489458146187545,
            0.08839023577510778,
            0.05092423913236953,
            0.015736146141431522,
            0.010405986345879418,
            0.04748288126193414,
            0.13819652734032872,
            0.06466842088815425
        ],
        [
            0.05888034711905681,
            0.04559245507925625,
            0.06985633450239001,
            0.06377177187455978,
            0.029098850239369114,
            0.03759429471667895,
            0.009566607362901224,
            0.04767390960949218,
            0.12446851072191632,
            0.0685469497297333
        ],
        [
            0.04305611589468222,
            0.05105911229501556,
            0.07730783025345771,
            0.08883461031521574,
            0.03062906146034931,
            0.01610100183011671,
            0.010755638137010498,
            0.05455830568562304,
            0.14172086135643705,
            0.08035801799095788
        ]
    ],
    "layer2": [
        [
            0.05752696935250405,
            0.09243600866108072,
            0.08151309705575237,
            0.06999978487171407,
            0.09579672754611752,
            0.0760234708662064,
            0.073731886678221,
            0.09323250001025184,
            0.07611133092823955,
            0.09320813314010462
        ],
        [
            0.07013165797325173,
            0.06988570054575645,
            0.04837425980469352,
            0.04646894312399433,
            0.07087853447364859,
            0.08021235752566791,
            0.07419041056391408,
            0.06649384457395727,
            0.049911603054336715,
            0.060088637251984975
        ],
        [
            0.08286915487489331,
            0.09254085543775915,
            0.08425669795616038,
            0.06683110645470126,
            0.0758643532140633,
            0.08848826418011925,
            0.09629390308548617,
            0.09644686411805536,
            0.06373178534193147,
            0.09645497465757599
        ],
        [
            0.06867560639466096,
            0.05950151183390909,
            0.05028429837118433,
            0.04718319835894124,
            0.0849417357290981,
            0.06044249323933956,
            0.07021399049664274,
            0.05997252631528207,
            0.06566126773785393,
            0.07465831095314554
        ],
        [
            0.06371488207088498,
            0.05608920266573121,
            0.0467519702068596,
            0.0618076399762996,
            0.05746576670919509,
            0.06688264224030721,
            0.0512295665173852,
            0.05785671740722369,
            0.06590232689949174,
            0.04979774552982425
        ],
        [
            0.03471793750890082,
            0.04420555695712751,
            0.03517665510234608,
            0.033149077655404154,
            0.043199647106305424,
            0.04857454196650902,
            0.06598226234607633,
            0.0418343049924174,
            0.044579111016784516,
            0.05607993224503774
        ],
        [
            0.07218608597413362,
            0.11002616790009713,
            0.09204639390986204,
            0.09020546474080529,
            0.11361870229424156,
            0.08737451678985188,
            0.09769096186663075,
            0.11067568979216995,
            0.09631255744911037,
            0.10635307369828322
        ],
        [
            0.0676631431092608,
            0.06855720849867813,
            0.07008703754377055,
            0.07692057833266915,
            0.09469597180013453,
            0.08556325349765727,
            0.07182481068179339,
            0.06915552736995305,
            0.07574189231269182,
            0.08401911112837016
        ],
        [
            0.03986679370943817,
            0.042059009758687864,
            0.05809558146449679,
            0.033758306901204356,
            0.04398034513264859,
            0.054392344455473064,
            0.044033624942550274,
            0.04251563999516262,
            0.050227970317491995,
            0.05709355229009156
        ],
        [
            0.05693854280641634,
            0.06948016156882482,
            0.05433740226235327,
            0.050854275756898236,
            0.07560079054131923,
            0.0888845219247184,
            0.06745522247118368,
            0.07380189884512475,
            0.07843459291829903,
            0.06466236614948698
        ]
    ],