{
    "info": "Epoch 133",
    "training_loss": 0.03876773673784546,
    "training_correct": 36.26062322946176,
    "testing_loss": 0.03218774033823875,
    "testing_correct": 30.337078651685395,
    "layer1": [
        [
            0.0014622322956042578,
            0.001788541135914249,
            0.3011939306822479,
            0.0015525326648885942,
            0.0011137666806638774,
            0.0004369220006785629,
            0.00026293887433443205,
            0.021598764348710168,
            0.09654638189005933,
            0.0011929634113321457
        ],
        [
            0.0007482852245558303,
            0.000883631034828721,
            0.15641688652836735,
            0.08848272009328621,
            0.000569960842233325,
            0.00022359120255652286,
            0.00013455678363641306,
            0.014327494469735259,
            0.03439506787644489,
            0.0006104891109429854
        ],
        [
            0.0015842011902845333,
            0.0019920663010569934,
            0.2842615522857721,
            0.0016820337664992875,
            0.0012066690815892755,
            0.00047336688952725065,
            0.00028487134290830767,
            0.048426534074312785,
            0.13774234920887163,
            0.0012924718335654705
        ],
        [
            0.001202866399716299,
            0.0014564334049229257,
            0.23475873708186765,
            0.0016629469035688578,
            0.0009162104552891877,
            0.00035942223099092585,
            0.00021629965229663726,
            0.11539594181033977,
            0.060119486757639826,
            0.0009813595335680764
        ],
        [
            0.042673493631629505,
            8.022675148117121e-07,
            0.004013696081687197,
            0.0,
            0.03784947421669017,
            0.0,
            0.013646999971287552,
            0.00038867150994816534,
            0.08870765766222664,
            0.06356266083042972
        ],
        [
            0.0016588651719832057,
            0.00207316566901054,
            0.21312699360367648,
            0.03489475338982851,
            0.0012635398368801196,
            0.0004956768442180891,
            0.0002982974335234537,
            0.15675197499226434,
            0.08311702415967001,
            0.0013533865039490032
        ],
        [
            0.001615740002123617,
            0.0020578858377001967,
            0.25508996369323306,
            0.0017155202622764296,
            0.0012306918568211571,
            0.0004827908372879331,
            0.0002905426577245266,
            0.03798596369997418,
            0.17582587862887183,
            0.0013182027989353524
        ],
        [
            0.0017277629503676523,
            0.0021941160115476212,
            0.3100302288450907,
            0.0018344612040739965,
            0.001316018536856206,
            0.0005162638297911309,
            0.00031068664442175566,
            0.028711622902155107,
            0.15156133120389562,
            0.0014095968126542622
        ],
        [
            0.0009979098877793188,
            0.0012420627705097716,
            0.14884256044862923,
            0.0010595359588556146,
            0.000760097275005364,
            0.00029818024535238597,
            0.0001794443354648126,
            0.1034702783813018,
            0.1514569432616767,
            0.0008141455960903537
        ],
        [
            0.0016692025088708448,
            0.020821145389828034,
            0.006752693775945762,
            0.08997381804661242,
            0.04555755241053221,
            0.03780455565274229,
            0.0011003670348147274,
            0.028160806299892472,
            0.00045696273103276594,
            0.057082941545503176
        ]
    ],
    "layer2": [
        [
            0.0866441117313246,
            0.03673641241460842,
            0.06159691860402623,
            0.16144380075046194,
            0.0005760344101498204,
            0.12861336162450843,
            0.14299706586909866,
            0.07507715650069026,
            0.05661705643951389,
            0.00048242066884326545
        ],
        [
            0.11094862944985562,
            0.056862566909741466,
            0.06253380083024807,
            0.09833869746998047,
            0.0005429735602327031,
            0.038423793991836125,
            0.15108372702205022,
            0.16351214718561044,
            0.0477850531571344,
            0.00045473267477812905
        ],
        [
            0.03899217855344051,
            0.07851706406384096,
            0.12545673910575653,
            0.06116247346936881,
            0.0005392465596780622,
            0.12607229814287735,
            0.139640902643474,
            0.14930841015953306,
            0.04121334814986562,
            0.0004516113645427189
        ],
        [
            0.09446239587008975,
            0.023407414398336608,
            0.11876812423806005,
            0.12119293125070074,
            0.0004878635259921579,
            0.11693897976350144,
            0.06438257722531326,
            0.13798754968555332,
            0.04983878752623554,
            0.00040857880079101037
        ],
        [
            0.13233524661836968,
            0.0456386251948092,
            0.041521656815943206,
            0.03579211175304522,
            0.00036288441337476444,
            0.09286062753227196,
            0.0503749489755716,
            0.04800394314886816,
            0.07595294186938792,
            0.0003039105621615867
        ],
        [
            0.12391825240610423,
            0.0942924134396053,
            0.1248019048079282,
            0.07865223521257592,
            0.00042001455753495497,
            0.12060105084090501,
            0.03170355046341878,
            0.036520636109029586,
            0.0348812451813739,
            0.0003517562496261654
        ],
        [
            0.041674332161451874,
            0.02369911630878735,
            0.12207740648320373,
            0.02972321954888544,
            0.0004989837519594279,
            0.11495192384388972,
            0.1318095129879605,
            0.13832777276798397,
            0.1132226950200376,
            0.0004178918327111406
        ],
        [
            0.04847043606398917,
            0.02838681256359579,
            0.13880411194534717,
            0.05670127718271963,
            0.0004109123416000581,
            0.07827934291020941,
            0.04237609140405331,
            0.11465980923804962,
            0.06025818707113572,
            0.00034413327255761373
        ],
        [
            0.09267692059560596,
            0.027799379289081896,
            0.13212965079960245,
            0.036878515558060404,
            0.0004918143639324327,
            0.1303886249933083,
            0.0933193033486912,
            0.0478134003969197,
            0.1262950082175111,
            0.0004118875716700677
        ],
        [
            0.13779194125205613,
            0.032975732966233275,
            0.1081205556212065,
            0.04611141771758096,
            0.0006765064215569062,
            0.12091779151379006,
            0.1581522863082358,
            0.17453054156225595,
            0.054046115236419945,
            0.0005665645569322218
        ]
    ],