{
    "info": "Epoch 8",
    "training_loss": 0.06733606669631388,
    "training_correct": 36.54390934844193,
    "testing_loss": 0.06283592557957197,
    "testing_correct": 28.08988764044944,
    "layer1": [
        [
            0.13647056531523774,
            0.05626479364211479,
            0.1704968325956576,
            0.20758195793396378,
            0.0004097842655322919,
            0.20721237083459507,
            0.1611158465519708,
            0.0004209610194471732,
            0.0007069092311313275,
            0.1723271308569381
        ],
        [
            0.2071088745035466,
            0.19461240151450357,
            0.20722591469489549,
            0.16012822375907965,
            0.13786459558895522,
            0.04644709240485236,
            0.12844748649623258,
            0.0689944005893005,
            0.1811802140113026,
            0.000280005622901003
        ],
        [
            0.0003877534102317136,
            0.1862933364547878,
            0.0005124553441762422,
            0.2074601226650954,
            0.16538415740787654,
            0.006130996352278853,
            0.20694342695015722,
            0.12917894297221535,
            0.20355028557269295,
            0.0005082311864062659
        ],
        [
            0.19737713372826016,
            0.20691085272102508,
            0.028641691512419045,
            0.20754394158382464,
            0.0955910512920202,
            0.00030889064611330916,
            0.0823667364952079,
            0.2073288904593607,
            0.2076877832268552,
            0.02761198934402303
        ],
        [
            0.20753806590321147,
            0.00017019191578274126,
            0.000797123050815211,
            0.17771694563684887,
            0.12921952079669263,
            0.1593414745376211,
            0.2069715704841902,
            0.0005329742828550507,
            0.018006903067726333,
            0.13783806949159255
        ],
        [
            0.049781977700703056,
            0.1380209822618889,
            0.08777385522486643,
            0.0005402499153320278,
            0.13049644985109396,
            0.2071797376439727,
            0.09523881631569892,
            0.20730917461946982,
            0.1956491722690121,
            0.0005581104213914777
        ],
        [
            0.009755740675947786,
            0.00012241723357436145,
            0.18321006253069472,
            0.10636749956929425,
            0.1656053106458715,
            0.20722619604335712,
            0.10681596187673434,
            0.20741182038791975,
            0.0007815838050402071,
            0.20768231743168583
        ],
        [
            0.09730120401844342,
            0.06865535723484019,
            0.0007473370436679468,
            0.2076937675656085,
            0.18521067163139032,
            0.00036871009690792717,
            0.00021583597191141514,
            0.2074296909162699,
            0.20787205093266314,
            0.20770347065145353
        ],
        [
            0.0003369327317204709,
            0.20442379763968038,
            0.20742335509189605,
            0.20738364240259716,
            0.00029882391433479997,
            0.03877847414480762,
            0.00013853166874679422,
            0.17442975184825835,
            0.20749480952730956,
            0.17197138569551998
        ],
        [
            0.2070998312335038,
            0.20688272867901372,
            0.188749521126385,
            0.15751224052485183,
            0.2044568761000811,
            0.00014835967941364197,
            0.07077065641725977,
            0.14907304398221455,
            0.19671040640000811,
            0.20721239404576697
        ],
        [
            0.0005133386773571217,
            0.05218793453717353,
            0.12056441580434404,
            0.18399107975871268,
            0.000449916640769989,
            0.0003462504757982207,
            0.0001954600085417396,
            0.0004615786773758721,
            0.10750606774433895,
            0.20768273020649686
        ],
        [
            0.18576308004158246,
            0.09684793846204903,
            0.17429474238336706,
            0.0845687292515601,
            0.20737497417701442,
            0.027496809011544752,
            0.15886741918236055,
            0.08886139873936402,
            0.185233363531306,
            0.061679404949774766
        ],
        [
            0.20740102604261826,
            0.17091456080038236,
            0.0006335737709230348,
            0.035732470399808515,
            0.20734230867937734,
            0.0003201908090745521,
            0.00020245769674051773,
            0.00041409082967284045,
            0.0007040634437259655,
            0.13853951230598607
        ],
        [
            0.17444845307136073,
            8.748725505798872e-05,
            0.0005186190720323461,
            0.2074549150672576,
            0.00032961422648868175,
            0.15718612166287935,
            0.00014687099531971766,
            0.20727546675160394,
            0.011554002933594435,
            0.20746919957476212
        ],
        [
            0.0003860561072662474,
            0.1949850667025858,
            0.09243592338892088,
            0.2074626392773452,
            0.18490018566517977,
            0.20714487939496404,
            0.000160713478845098,
            0.20726715717440983,
            0.0005717149107483174,
            0.20746650718243734
        ],
        [
            0.16239967471212072,
            0.0001358505725239869,
            0.05867345886389569,
            0.000557266598911213,
            0.0003830077369218967,
            0.19173543801800583,
            0.20695853202010892,
            0.00040056411981001543,
            0.028078097564007323,
            0.08980358810831585
        ]
    ],