{
    "info": "Epoch 81",
    "training_loss": 0.09075670276930164,
    "training_correct": 33.994334277620396,
    "testing_loss": 0.1071405711084664,
    "testing_correct": 32.58426966292135,
    "layer1": [
        [
            0.6573780103212108,
            0.2716714936854492,
            0.8206047722057861,
            1.0,
            6.203751275646369e-21,
            1.0,
            0.7785419074867127,
            3.880436002435997e-21,
            1.329424106584833e-20,
            0.8295519981145741
        ],
        [
            1.0,
            0.9405825478459392,
            1.0,
            0.7725357087497681,
            0.6654628498017053,
            0.22384364711450788,
            0.6207143642036205,
            0.3325510885764515,
            0.8739286908664237,
            1.003057493449479e-21
        ],
        [
            0.0,
            0.9001624283487225,
            7.215291269413169e-21,
            1.0,
            0.7976944263022858,
            0.028453178351690957,
            1.0,
            0.6226214852027896,
            0.9805110969704126,
            7.122785657518849e-21
        ],
        [
            0.9518965875200243,
            0.9999999999999049,
            0.13548760144999747,
            1.0,
            0.4602223197387991,
            4.364096741124779e-21,
            0.3978458572847327,
            1.0,
            0.9999999999999049,
            0.13070561401439168
        ],
        [
            1.0,
            0.0,
            1.054924091660868e-20,
            0.8548706474994823,
            0.622005932060065,
            0.7682053063110496,
            1.0,
            6.924476901550156e-21,
            0.08268090793391471,
            0.6620629985036053
        ],
        [
            0.23868866068014485,
            0.6668622011206472,
            0.4213173439223549,
            7.89809792545394e-21,
            0.6289823090914105,
            1.0,
            0.46005079384396746,
            1.0,
            0.9419938582479856,
            9.150010328216337e-21
        ],
        [
            0.04491013687701298,
            0.0,
            0.8816241169334271,
            0.5107031202815565,
            0.798315704707903,
            1.0,
            0.5161161870767743,
            1.0,
            1.5653651843631362e-20,
            0.999999999999294
        ],
        [
            0.4679923117954207,
            0.3318624415315651,
            7.02968728596466e-21,
            1.0,
            0.8930026548546414,
            4.6922020872793904e-21,
            1.2746135203474137e-20,
            0.9999999999999297,
            0.9999999999998835,
            0.9999999999998835
        ],
        [
            0.0,
            0.9881636148943544,
            1.0,
            1.0,
            5.743439717283299e-22,
            0.1864762509886619,
            9.923730234501914e-22,
            0.841535151048005,
            1.0,
            0.828888837025952
        ],
        [
            1.0,
            1.0,
            0.9106805062156743,
            0.7598704894922448,
            0.987319510282304,
            6.441879816136802e-23,
            0.3419622413646412,
            0.7195603495840481,
            0.9489491568184126,
            1.0
        ],
        [
            0.0,
            0.2520266577055893,
            0.5790453889877922,
            0.8857094246331015,
            1.0162649742781044e-20,
            6.464099624651216e-21,
            1.7559407951634243e-20,
            6.356720455422181e-21,
            0.5155055488188133,
            0.9999999999999999
        ],
        [
            0.8952492867612741,
            0.4679147918426967,
            0.8384532014248571,
            0.4053518034165355,
            1.0,
            0.13130148311632495,
            0.7676237888178206,
            0.4271209660217906,
            0.8907434836776219,
            0.2946817292552135
        ],
        [
            1.0,
            0.8256882180111516,
            6.731743081213568e-21,
            0.16978105155521492,
            1.0,
            4.493329312496958e-21,
            1.2205906890911803e-20,
            4.418687561703141e-21,
            1.513827244619776e-20,
            0.6663261073263115
        ],
        [
            0.8413929916356538,
            0.0,
            4.7235507988738125e-21,
            1.0,
            4.956877510003481e-21,
            0.7585577600554465,
            8.564679132913423e-21,
            0.9999999999996367,
            0.05308514927157298,
            0.9999999999991732
        ],
        [
            0.0,
            0.9423466309969667,
            0.4441286481652852,
            1.0,
            0.8921081460393095,
            1.0,
            8.944648954306692e-21,
            1.0,
            1.109352509462995e-20,
            1.0
        ],
        [
            0.7826168970678887,
            0.0,
            0.28058743523226076,
            4.911698369516548e-22,
            6.04887137459126e-22,
            0.9252314739841623,
            1.0,
            3.783558589472884e-22,
            0.1323973605025318,
            0.43103827326316707
        ]
    ],