{
    "info": "Epoch 229",
    "training_loss": 0.9918984126219577,
    "training_correct": 95.83333333333334,
    "testing_loss": 1.6196188496040576,
    "testing_correct": 96.66666666666667,
    "layer1": [
        [
            0.0,
            0.38616630541147307,
            0.9764233467830394,
            0.9771190228831762
        ],
        [
            0.9196826500767511,
            0.0,
            0.977640467126311,
            0.3223243124072718
        ],
        [
            0.8996433213857132,
            0.5007701774352687,
            0.9738348954576886,
            0.5460612492393776
        ],
        [
            0.10777450908852082,
            0.33011049708211304,
            0.4399111923677964,
            0.34136497089723394
        ],
        [
            0.17152576772004893,
            0.2809169141729983,
            0.7993912857304775,
            0.47383790875676307
        ]
    ],
    "layer1b": [
        [
            0.23285208614786806
        ],
        [
            0.1407396083822905
        ],
        [
            0.4020502526430578
        ],
        [
            0.9311453717403925
        ],
        [
            0.9309649148995361
        ]
    ],
    "layer2": [
        [
            0.9826754519340892,
            0.3626464538780105,
            0.885556279121218,
            0.21376063673982448,
            0.6052322485874141
        ],
        [
            0.17683388674194953,
            0.04076815153151653,
            0.11515727200069877,
            0.24709086303379635,
            0.001136596017804267
        ],
        [
            0.42927383032642985,
            0.0007957542826688458,
            0.8685876875309696,
            0.9999835319801379,
            0.999956790169678
        ],
        [
            0.21010164912408377,
            0.6583175949141304,
            0.9282791561167568,
            0.5844298699086072,
            0.46587937109080285
        ],
        [
            0.9631744741418329,
            0.5300642484534497,
            0.23462718675030061,
            0.052496821991402785,
            0.0029196555575731024
        ]
    ],
    "layer2b": [
        [
            0.0
        ],
        [
            0.08434202462547188
        ],
        [
            0.2660103567190039
        ],
        [
            0.20409978038949314
        ],
        [
            0.0
        ]
    ],
    "layer3": [
        [
            0.00335156380871818,
            0.0,
            0.07287897187120979,
            0.0040648302219984805,
            0.0
        ],
        [
            0.2073591433299376,
            0.26705199504572474,
            0.01282089731689927,
            0.01656841962220669,
            0.44084668377602054
        ],
        [
            0.0036734197199635144,
            0.17874905121518664,
            0.003841027640314084,
            0.0034945265328484958,
            0.6391306998806459
        ]
    ],
    "layer3b": [
        [
            0.13691536862696357
        ],
        [
            0.012583538765852628
        ],
        [
            0.0038486856473136048
        ]
    ]
}