{
    "info": "Epoch 499",
    "training_loss": 0.4346039523043851,
    "training_correct": 97.5,
    "testing_loss": 0.8592679126968465,
    "testing_correct": 93.33333333333333,
    "layer1": [
        [
            0.004638016733930697,
            0.0005969865376339525,
            0.3141787360380358,
            0.475490371076259
        ],
        [
            0.5096968617788296,
            8.342995560264835e-05,
            0.6817022900268483,
            0.5966217891519653
        ],
        [
            0.0028476383311133026,
            0.001723628635636677,
            0.1936734180288907,
            0.6370447992331906
        ],
        [
            0.5186671279402943,
            0.3198935274001896,
            0.32577570470499756,
            0.9859870063688303
        ],
        [
            0.22074690713294393,
            0.001460061553166922,
            0.3724970446245363,
            0.5103608433688839
        ],
        [
            0.18519803138363367,
            0.15269450582110497,
            0.20150572217434348,
            0.319740792892822
        ],
        [
            0.7134529144796536,
            0.8871858032535183,
            0.6105039685837235,
            0.509493871413745
        ],
        [
            0.23202359451359414,
            0.001045411766791202,
            0.37152838694545304,
            0.36045752400551606
        ]
    ],
    "layer2": [
        [
            0.5064052708682586,
            0.5851849248563646,
            0.3198742940545022,
            0.6676890719542762,
            0.4018373774318982,
            0.5193083512171678,
            0.9999999707151339,
            0.6636238186731858
        ],
        [
            0.0,
            0.0860828230883192,
            0.0,
            2.54164037768035e-10,
            0.0,
            2.308696505168689e-11,
            5.500147282580713e-10,
            0.0
        ],
        [
            0.8199741065551901,
            0.011730369243596031,
            1.0,
            0.012006135571283797,
            1.0,
            0.004136556903170214,
            0.01232696823460197,
            0.9457553323223041
        ],
        [
            0.38230587395541815,
            0.14533133803076356,
            0.637195413437444,
            0.011032759422731894,
            0.8484674309850948,
            0.30803642173177065,
            0.011573481684914842,
            0.606663789310901
        ],
        [
            0.3948738839173415,
            0.833692234684394,
            0.4160583983516806,
            0.8655827658755203,
            0.5410932504907227,
            0.4841240956623425,
            0.9999999915947234,
            0.6327980150015263
        ],
        [
            0.00919899723312565,
            0.0035285121312598833,
            0.9728695418980043,
            0.0024144363702450467,
            0.008119198920172035,
            0.005659031737453608,
            0.0013219274015178134,
            0.008194694165634921
        ]
    ],
    "layer3": [
        [
            0.2415555396332471,
            5.307301628365927e-05,
            0.0,
            0.0,
            0.25002307947964697,
            0.0
        ],
        [
            0.05685832517605614,
            1.5420123068664253e-05,
            0.36326822017448673,
            0.13070072490482493,
            0.05741058531427024,
            7.358769914189549e-05
        ],
        [
            0.0002552366351365894,
            9.116720351241798e-06,
            0.0002880547656072439,
            0.00028623005105676705,
            0.0002552330488018512,
            0.9999940300975355
        ]
    ]
}