{
    "info": "Epoch 474",
    "training_loss": 0.5993941070461293,
    "training_correct": 95.0,
    "testing_loss": 1.036454590867918,
    "testing_correct": 96.66666666666667,
    "layer1": [
        [
            0.0038984117963184782,
            0.0,
            0.3134769292712652,
            0.47489365307593606
        ],
        [
            0.5095813458661687,
            2.004452075086785e-07,
            0.6816482710322245,
            0.596589389535035
        ],
        [
            0.0023448148189654542,
            0.0016708773921464927,
            0.1916229363058992,
            0.6345290111839883
        ],
        [
            0.5185695891184564,
            0.3197873764607953,
            0.3257522127016148,
            0.9859768915859078
        ],
        [
            0.21859862866765453,
            0.0,
            0.3706883773119748,
            0.5088378833931593
        ],
        [
            0.1849907859192259,
            0.1525280197796008,
            0.20135255015367687,
            0.31961743006931204
        ],
        [
            0.713337476389618,
            0.886943973505613,
            0.6104816065655687,
            0.5094860204952733
        ],
        [
            0.23046833674730402,
            0.0,
            0.3702288491450214,
            0.359445074657626
        ]
    ],
    "layer2": [
        [
            0.5063990597738534,
            0.5850117657971488,
            0.3198700495344316,
            0.6672835735379776,
            0.4018076009896691,
            0.519255997039164,
            1.0,
            0.6635942185308693
        ],
        [
            0.0,
            0.08610373938817745,
            0.0,
            0.0,
            0.0,
            0.0,
            0.0,
            0.0
        ],
        [
            0.8158187071448288,
            0.0,
            0.9998213692977778,
            0.0,
            0.9992084456946794,
            0.0,
            0.0,
            0.9372010115753621
        ],
        [
            0.3791944457575966,
            0.1334037528517199,
            0.6337053424116282,
            0.0,
            0.8393444840867211,
            0.30397286927707484,
            0.0,
            0.6005163795778274
        ],
        [
            0.39486408615641233,
            0.8335455930644551,
            0.4160499568340124,
            0.8652159270424933,
            0.5410641793678488,
            0.4840833272228988,
            1.0,
            0.632768864972264
        ],
        [
            0.007218171842122137,
            0.012197536322026912,
            0.9569170098244139,
            0.012279241317431558,
            0.01010757549182287,
            0.007190511258894612,
            0.012351321312353758,
            0.009124932831761318
        ]
    ],
    "layer3": [
        [
            0.3197062576673464,
            0.0031032079046853962,
            0.014601172653694846,
            0.01486148343205821,
            0.3225197689000978,
            0.0036077889774441436
        ],
        [
            0.01810860669079096,
            0.0031085791254604105,
            0.4519678826409118,
            0.31859711190412915,
            0.017902264374157657,
            0.04098331658368067
        ],
        [
            0.10462433114609151,
            0.003911108239031565,
            0.12158196083543765,
            0.12023783066771043,
            0.1046003045997938,
            0.8309814251973562
        ]
    ]
}