{
    "info": "Epoch 499",
    "training_loss": 0.5656545979509819,
    "training_correct": 68.33333333333333,
    "testing_loss": 0.6812588158092354,
    "testing_correct": 60.0,
    "layer1": [
        [
            0.15427348246005282,
            0.3498168913620059,
            0.1949505070701502,
            0.4229329430610498,
            0.4527382507707777
        ],
        [
            0.28314500162475476,
            0.2304029142896191,
            0.35772370568150974,
            0.5514642447603129,
            0.2292196935744396
        ],
        [
            0.32583498035165087,
            0.34900251548291217,
            0.36391868407032607,
            0.39524373244618066,
            0.31088501142584896
        ],
        [
            0.19426739535866205,
            0.4834129490111562,
            0.30477432466438437,
            0.39312388431439077,
            0.2831098148141939
        ],
        [
            0.9965018405037246,
            0.2949324187824749,
            0.3574777729238969,
            0.4195486670438713,
            0.7028183768059082
        ],
        [
            0.4414672981321099,
            0.43416299631693106,
            0.3037740287531044,
            0.24269987889218905,
            0.6595199592786559
        ],
        [
            0.29668815965778483,
            0.1562529567769606,
            0.3352990685832075,
            0.46197758640796893,
            0.357375870917615
        ],
        [
            0.4425686450177397,
            0.3614033631689903,
            0.09954636981212264,
            0.3979585922813298,
            0.2547091522009024
        ],
        [
            0.6202941994741117,
            0.5382040380170429,
            0.4680315330857431,
            0.3381860385355337,
            0.5114381760586693
        ],
        [
            0.10262523403253353,
            0.44212943272757954,
            0.46421868946364925,
            0.40035284382137853,
            0.3193962174525694
        ]
    ],
    "layer2": [
        [
            0.4612806756912569,
            0.23779538380731244,
            0.8469888693467517,
            0.40259823126835675,
            0.24912622218914401,
            0.3579366819708063,
            0.5062568040355229,
            0.47169164740588443,
            0.2494506294011662,
            0.5198662280448572
        ],
        [
            0.43150036630722705,
            0.4313662268733522,
            0.34801626561552945,
            0.3818827669536383,
            0.21035120697251494,
            0.5000513418795481,
            0.3614319652576969,
            0.46748514581611056,
            0.11635946787521491,
            0.43803119462506723
        ],
        [
            0.601395637400418,
            0.6393696325038576,
            0.39247466945971776,
            0.7415145680652022,
            0.25071700191180524,
            0.6642862103720182,
            0.5293256780921436,
            0.5272814216810197,
            0.29803603766551967,
            0.4061051093534682
        ],
        [
            0.5776634505298364,
            0.5236940726976721,
            0.52165590704676,
            0.4541890657460915,
            0.2261331383661611,
            0.5281158812747168,
            0.3509228279723827,
            0.3241690489921652,
            0.3524020026457942,
            0.37502135047424795
        ],
        [
            0.7404958027132797,
            0.7945627577161677,
            0.6971269719116467,
            0.3887513472714696,
            0.9999948532575815,
            0.4397530087519931,
            0.48444365679626866,
            0.4904189564174833,
            0.7143914303184676,
            0.8242083165028871
        ]
    ],
    "layer3": [
        [
            0.0,
            0.0,
            0.0,
            0.0,
            0.34440903748509305
        ],
        [
            0.02860681149296749,
            0.09676827282285354,
            0.1904750963007064,
            0.0012077823174313066,
            0.19895704966294206
        ],
        [
            0.22892590137581453,
            0.45148807970545424,
            0.2623642883572045,
            0.09685166702478717,
            0.0
        ]
    ]
}