{
    "info": "Epoch 499",
    "training_loss": 0.5358192596573396,
    "training_correct": 73.33333333333333,
    "testing_loss": 0.6886097601061808,
    "testing_correct": 66.66666666666666,
    "layer1": [
        [
            0.2312398721459544,
            0.4212074775014374,
            0.23971184461453696,
            0.4971395289329958,
            0.5292092541462804
        ],
        [
            0.3823663375859462,
            0.2949345875463717,
            0.41143630228645656,
            0.6364784674632377,
            0.2845253430372366
        ],
        [
            0.39448324087383985,
            0.39943337549379226,
            0.39938660901310086,
            0.4488757087585007,
            0.36103651978993145
        ],
        [
            0.28488377023601896,
            0.5735408307655167,
            0.3577994394686233,
            0.46294730504304615,
            0.3409269804681063
        ],
        [
            0.9999988475247549,
            0.29493939539207664,
            0.3574875072876132,
            0.41955036772171733,
            0.7028186731491379
        ],
        [
            0.5480063696352216,
            0.49821376566514236,
            0.3427130666141535,
            0.2895857577746156,
            0.7298232485179861
        ],
        [
            0.3772557548099617,
            0.2053866854466017,
            0.3780842537794444,
            0.5273047977320501,
            0.41365336370913086
        ],
        [
            0.5635836762491642,
            0.4302937727297551,
            0.13940481999428772,
            0.46571784044351267,
            0.311409884849301
        ],
        [
            0.6416528629318532,
            0.5479101692072232,
            0.47402933591010693,
            0.3447276380219663,
            0.5178682821350021
        ],
        [
            0.1606711583732192,
            0.5077384005049629,
            0.5097450466919475,
            0.46085541821954606,
            0.3750815072447553
        ]
    ],
    "layer2": [
        [
            0.44449133417187114,
            0.20393865779919934,
            0.8000485624844369,
            0.36708950407137714,
            0.07523173386175962,
            0.288798015579212,
            0.4783868874448517,
            0.4251320795383853,
            0.13930119561779875,
            0.48442729914563626
        ],
        [
            0.4489839945934126,
            0.38091029590145514,
            0.271024228497024,
            0.3236348504127691,
            0.00012805665914760307,
            0.3649736784535755,
            0.3329876210489364,
            0.3782786278073932,
            0.00014673169573765216,
            0.387120944074332
        ],
        [
            0.619616184030244,
            0.6413041814204095,
            0.38744761540284034,
            0.7426276368725487,
            0.14301189840427064,
            0.6793263042046291,
            0.5320468993934071,
            0.5328572935712651,
            0.2499129014039124,
            0.39951033468770897
        ],
        [
            0.5777377876885275,
            0.5209184416932644,
            0.5173432231686412,
            0.45118158678123543,
            0.19661091606175768,
            0.5221455646657447,
            0.34860501910303915,
            0.3210803540660196,
            0.3346691944257698,
            0.3712533864662278
        ],
        [
            0.74049580542358,
            0.7945646203850486,
            0.6971296947701945,
            0.38875320143603626,
            0.9999982636278208,
            0.4397567464039685,
            0.4844450167794497,
            0.4904214345077668,
            0.7144044212277367,
            0.8242104136130936
        ]
    ],
    "layer3": [
        [
            0.0,
            0.0,
            4.691159738367585e-05,
            1.5587307041205027e-05,
            0.34841459094793
        ],
        [
            0.0077070111300913,
            0.0006537026669640484,
            0.3492492276581522,
            0.05665465214001386,
            0.055114586456569574
        ],
        [
            0.14915719882468156,
            0.8590402103371113,
            0.00019929558647592733,
            0.00022738564387967717,
            7.73873667941525e-05
        ]
    ]
}