{
    "info": "Epoch 477",
    "training_loss": 0.5456405172893917,
    "training_correct": 87.5,
    "testing_loss": 0.6411128439848124,
    "testing_correct": 83.33333333333334,
    "layer1": [
        [
            0.4513551655350106,
            0.6361748605976293,
            0.32766074050098115,
            0.767479423711038,
            0.8223309618291882
        ],
        [
            0.4958730199826758,
            0.37453117047562473,
            0.42546511176437135,
            0.8145910949812459,
            0.3929523626181801
        ],
        [
            0.47770608090873956,
            0.46221327250656863,
            0.4160349165175816,
            0.5323706386824744,
            0.4340107062030337
        ],
        [
            0.36984755721025875,
            0.6855210192737434,
            0.3579476587683318,
            0.5942893221792377,
            0.4488422762709744
        ],
        [
            1.0,
            0.2949411733494671,
            0.3574899856756859,
            0.41955085333684966,
            0.702818815924457
        ],
        [
            0.5779927379017439,
            0.5309138218424555,
            0.32004351735071634,
            0.3445693613848444,
            0.8117899821287026
        ],
        [
            0.5300751731190131,
            0.2941527370683025,
            0.42141146695689985,
            0.6856494160942088,
            0.5458395089580887
        ],
        [
            0.6522752315935333,
            0.4849464058445898,
            0.1456118328790585,
            0.5507468150448692,
            0.3824757011921089
        ],
        [
            0.6454329433844508,
            0.5514367233593093,
            0.4689628308715638,
            0.3511193758627156,
            0.5239843131985467
        ],
        [
            0.2728402037459576,
            0.6477978640572957,
            0.5700564534014102,
            0.6033706397657134,
            0.503830484349064
        ]
    ],
    "layer2": [
        [
            0.43981423849488477,
            0.19319781799191046,
            0.786121905159972,
            0.3562400532641593,
            0.03486608863151993,
            0.26995252032603584,
            0.46953644358836394,
            0.40916208186331277,
            0.1135880889081082,
            0.4722747793146817
        ],
        [
            0.7111727433348046,
            0.18722376970937743,
            0.062089526394844934,
            0.10513213074642959,
            0.00032805901230631505,
            0.00033810183724663454,
            0.23596561329304397,
            0.009738802219385246,
            0.0003163427686460815,
            0.25449000752646267
        ],
        [
            0.594492044883849,
            0.5649448861943205,
            0.2993364264933085,
            0.6709809938938572,
            0.0,
            0.5295749055245119,
            0.46527911389303106,
            0.40953810560377396,
            0.03816193484949787,
            0.30960262202303807
        ],
        [
            0.5778115068487186,
            0.5183289615567263,
            0.5137277111285129,
            0.44839943560119044,
            0.17258203935549066,
            0.5149906668812778,
            0.34625946877882346,
            0.3165283959477993,
            0.321143150653202,
            0.36754975574487064
        ],
        [
            0.7404968947370218,
            0.7945664947231462,
            0.6971315404799882,
            0.38875482559828534,
            1.0,
            0.4397596370498744,
            0.4844464337683497,
            0.49042376915122216,
            0.7144100182856575,
            0.8242121646068167
        ]
    ],
    "layer3": [
        [
            0.0001495005280364226,
            5.828874873989011e-06,
            0.00017633781178680847,
            0.0009018800176937102,
            0.341341643635198
        ],
        [
            0.03924679715559396,
            0.0033808504782406787,
            0.4254524626591791,
            0.005042270505254081,
            0.0006189468201672518
        ],
        [
            0.00033749868538580783,
            0.999704792746003,
            0.00033773955711575374,
            0.00033352278466288626,
            0.00032395479994672095
        ]
    ]
}