{
    "info": "Epoch 499",
    "training_loss": 0.4872308112761005,
    "training_correct": 95.83333333333334,
    "testing_loss": 0.6983270990343736,
    "testing_correct": 90.0,
    "layer1": [
        [
            0.06843360278574365,
            0.08692126364709796,
            0.06053343788781992,
            0.041406204274827926
        ],
        [
            0.001232455598935013,
            0.0006059572832471358,
            0.2360133016231794,
            0.27920518332743094
        ],
        [
            0.018286957974072735,
            0.03441401407572156,
            0.0,
            0.03166103940578284
        ],
        [
            0.03071084307414847,
            0.18835741809926623,
            0.0,
            0.0
        ],
        [
            0.204563954068847,
            0.0,
            0.6835290098314665,
            0.5629531099265583
        ],
        [
            0.040187625712893416,
            0.01309575307119652,
            0.007376595514329646,
            0.020336893421905537
        ],
        [
            0.0507036704868728,
            0.07262603763810871,
            0.0,
            0.0
        ],
        [
            0.0038924090369442015,
            0.001995189777159303,
            0.13098097507842474,
            0.7345898756308235
        ],
        [
            0.0,
            0.7070058444415699,
            0.0,
            0.0
        ],
        [
            0.07861542381476438,
            0.02460278676340553,
            0.0,
            0.0
        ]
    ],
    "layer2": [
        [
            0.0,
            0.0,
            0.0,
            0.20970496397152513,
            0.0,
            0.0,
            0.08528943752668618,
            0.0,
            0.900717474335224,
            0.026387376340974867
        ],
        [
            0.0011166530567656562,
            0.5885310335223656,
            0.0003717296718182428,
            0.0006586536614855506,
            0.024842109298947868,
            0.00037071404591501855,
            0.0004384325860058477,
            1.0,
            0.004615055649337436,
            0.00041270634512257276
        ],
        [
            0.0,
            0.6435868482655357,
            0.0,
            0.0,
            0.9978301368718829,
            0.0,
            0.0,
            0.9994689067678402,
            0.0,
            0.0
        ],
        [
            0.0,
            0.0,
            0.00758353939404169,
            0.17402656164366961,
            0.0,
            0.0,
            0.16664152525731699,
            0.0,
            0.8959444009793928,
            0.02709212734679338
        ],
        [
            0.14982842827358497,
            0.18090356134869637,
            0.10462083648139843,
            0.06378855274706206,
            0.16230395703695913,
            0.04844903993316062,
            0.021246006068144672,
            0.24120235339306043,
            0.0035613250420887736,
            0.06717954255282024
        ]
    ],
    "layer3": [
        [
            0.9439569048848012,
            0.0,
            0.0,
            0.9444383908645632,
            0.0
        ],
        [
            0.0,
            0.03322705326143417,
            0.7997020603417468,
            0.0,
            0.0018897748658231067
        ],
        [
            0.004875408863960951,
            1.0,
            0.0559632121183634,
            0.004835503369144496,
            0.025811003613712576
        ]
    ]
}