{
    "info": "Epoch 245",
    "training_loss": NaN,
    "training_correct": 92.5,
    "testing_loss": NaN,
    "testing_correct": 93.33333333333333,
    "layer1": [
        [
            0.0,
            0.4040641967293367,
            0.9990217131430815,
            0.9992504352987424
        ],
        [
            0.9296988944094309,
            0.0,
            0.9819830507900864,
            0.323780262718959
        ],
        [
            0.9090488469802064,
            0.5090231633624116,
            0.9769231582767557,
            0.5476472393118543
        ],
        [
            0.10797038816258402,
            0.3306425707557631,
            0.44060910711362894,
            0.3419111159701528
        ],
        [
            0.17194651496159039,
            0.28156702987404103,
            0.8007321951662703,
            0.47462983866092323
        ]
    ],
    "layer1b": [
        [
            0.24115858122092698
        ],
        [
            0.14204004544857082
        ],
        [
            0.40537903525526636
        ],
        [
            0.9316491164225735
        ],
        [
            0.9355920022626965
        ]
    ],
    "layer2": [
        [
            0.9860364479685073,
            0.36612328490390483,
            0.9043971300184978,
            0.22442355741615164,
            0.625059674273002
        ],
        [
            0.17709811472103346,
            0.04082906794572108,
            0.11532934181049696,
            0.24746007009355434,
            0.0011382943374779076
        ],
        [
            0.42989125835830044,
            0.0007057403541558283,
            0.8693181209303305,
            0.9994461227837658,
            0.9999829162911272
        ],
        [
            0.21041081142886653,
            0.6592571053483843,
            0.9291877826218917,
            0.5842574886868283,
            0.4656995746075194
        ],
        [
            0.9297485032513081,
            0.5231391742211025,
            0.23128365552627417,
            0.05006432602220188,
            0.0
        ]
    ],
    "layer2b": [
        [
            1.6523959831346088e-05
        ],
        [
            0.10603634402762402
        ],
        [
            0.2662345564197408
        ],
        [
            0.20414257524066062
        ],
        [
            0.0
        ]
    ],
    "layer3": [
        [
            0.001390595475705657,
            0.0,
            0.0936192129355963,
            0.002526526748238587,
            0.0
        ],
        [
            0.26642279362381893,
            0.2678141172331172,
            0.0075267092126781,
            0.013240600576998659,
            0.397730805542173
        ],
        [
            0.0,
            0.17878663260720284,
            0.0,
            0.0,
            0.6399821998951929
        ]
    ],
    "layer3b": [
        [
            0.15357858543100608
        ],
        [
            0.007532184112621415
        ],
        [
            0.0
        ]
    ]
}