{
    "info": "Epoch 149",
    "training_loss": 1.1049994070140732,
    "training_correct": 65.83333333333333,
    "testing_loss": 1.0960422743252483,
    "testing_correct": 70.0,
    "layer1": [
        [
            6.130567967540431e-06,
            0.46538949475451497,
            0.9911996106988792,
            0.9903482815230282
        ],
        [
            0.9861403573253693,
            0.0004200310243763289,
            0.9863265473625015,
            0.32719392088010624
        ],
        [
            0.9835949932124366,
            0.5789068201091679,
            0.9859026239556129,
            0.5512049123690098
        ],
        [
            0.10897665973629522,
            0.3335227233600176,
            0.44423057560423335,
            0.3446192497295234
        ],
        [
            0.17309041292253166,
            0.2838038112829576,
            0.8067817954214639,
            0.478212461452573
        ]
    ],
    "layer1b": [
        [
            0.29848988164398005
        ],
        [
            0.1608699717307365
        ],
        [
            0.434121994752787
        ],
        [
            0.944602464608076
        ],
        [
            0.9849408445251612
        ]
    ],
    "layer2": [
        [
            0.9838036405899855,
            0.3740840640909055,
            0.9700436000793884,
            0.2818280415821701,
            0.7529232974464035
        ],
        [
            0.17857250377351574,
            0.04116898082902302,
            0.1162894893494094,
            0.24952024119615027,
            0.00114777094151926
        ],
        [
            0.4332453466512562,
            2.7462103703936854e-06,
            0.8719184999087184,
            0.9875350967745921,
            0.9875884178757244
        ],
        [
            0.21308248056300533,
            0.6662976139962347,
            0.9332067555389962,
            0.5752149898817444,
            0.45659564158535926
        ],
        [
            0.8383494076885308,
            0.6920158772172977,
            0.6349449718729102,
            0.4697527269999704,
            0.4132027724707247
        ]
    ],
    "layer2b": [
        [
            4.770408884670414e-07
        ],
        [
            0.2556727886442868
        ],
        [
            0.26703030059439853
        ],
        [
            0.20244345146767456
        ],
        [
            0.14150684849042885
        ]
    ],
    "layer3": [
        [
            0.036983369848956706,
            0.0027444907292829652,
            0.053411782220739654,
            0.19309596945409968,
            0.05158016183104776
        ],
        [
            0.1612628225334345,
            0.27209631061432427,
            0.020846466036781534,
            0.023293805605198812,
            0.030785441428625264
        ],
        [
            0.0007741865853497809,
            0.05160369761195712,
            0.0006438629648261972,
            0.11719170744217779,
            0.11331899520868881
        ]
    ],
    "layer3b": [
        [
            0.08340696607166986
        ],
        [
            0.020830712836637153
        ],
        [
            0.05223262104915594
        ]
    ]
}